"Study","Condition","Participant","Passed_Comp_Test","Position","Chose_Prioritarian","Saw_Correct_Harvest","Repeat","Motiv_To_Change","Motiv_To_Maximize","Motiv_To_Prioritize","Risk","Pol_A","Pol_B","Rater_1_Fairness","Rater_2_Fairness","Fairness_Reasoning"
3,"V",1,FALSE,2,0,TRUE,1,TRUE,0,1,5,1,1,0,0,0
3,"V",2,TRUE,3,1,FALSE,0,FALSE,0,0,5,1,2,1,1,1
3,"V",3,FALSE,2,0,TRUE,1,FALSE,0,0,2,3,4,0,0,0
3,"V",4,FALSE,2,1,TRUE,1,FALSE,0,0,7,3,5,0,1,0
3,"V",5,TRUE,1,1,FALSE,1,FALSE,0,0,4,3,5,1,1,1
3,"V",6,FALSE,3,0,TRUE,1,FALSE,0,0,2,1,1,0,0,0
3,"V",7,TRUE,3,1,TRUE,0,TRUE,1,0,2,2,4,0,0,0
3,"V",8,TRUE,1,1,FALSE,1,FALSE,0,0,6,4,5,1,1,1
3,"V",9,TRUE,2,1,FALSE,1,FALSE,0,0,1,2,3,1,1,1
3,"V",10,FALSE,1,0,FALSE,1,FALSE,0,0,2,5,8,1,1,1
3,"V",11,TRUE,3,1,TRUE,1,TRUE,1,0,7,1,1,1,0,1
3,"V",12,TRUE,3,0,TRUE,0,FALSE,0,0,6,1,3,0,0,0
3,"V",13,TRUE,1,1,FALSE,1,FALSE,0,0,3,0,0,1,1,1
3,"V",14,FALSE,4,1,FALSE,1,FALSE,0,0,2,1,2,1,1,1
3,"V",15,FALSE,3,1,FALSE,1,FALSE,0,0,9,2,2,1,1,1
3,"V",16,TRUE,4,0,FALSE,1,FALSE,0,0,7,5,8,0,0,0
3,"V",17,FALSE,3,1,TRUE,0,FALSE,0,0,3,3,5,1,1,1
3,"V",18,TRUE,2,1,TRUE,0,FALSE,0,0,1,5,8,1,1,1
3,"V",19,TRUE,3,0,TRUE,1,FALSE,0,0,5,5,6,0,0,0
3,"V",20,FALSE,3,0,TRUE,1,FALSE,0,0,9,2,3,0,0,0
3,"V",21,TRUE,3,0,TRUE,0,FALSE,0,0,9,2,6,0,0,0
3,"V",22,TRUE,2,0,FALSE,1,FALSE,0,0,7,0,1,0,0,0
3,"V",23,FALSE,1,1,FALSE,0,FALSE,0,0,3,1,3,1,1,1
3,"V",24,TRUE,1,1,FALSE,1,FALSE,0,0,6,2,5,1,1,1
3,"V",25,TRUE,1,1,FALSE,1,FALSE,0,0,4,0,0,1,1,1
3,"V",26,TRUE,3,1,FALSE,1,FALSE,0,0,3,1,1,1,1,1
3,"V",27,TRUE,4,0,FALSE,1,FALSE,0,0,5,1,3,0,0,0
3,"V",28,TRUE,1,1,FALSE,0,FALSE,0,0,4,5,5,1,1,1
3,"V",29,FALSE,2,0,TRUE,0,TRUE,0,1,4,5,8,1,1,1
3,"V",30,FALSE,1,1,FALSE,1,FALSE,0,0,3,2,5,1,1,1
3,"V",31,FALSE,2,1,TRUE,1,FALSE,0,0,5,5,7,1,1,1
3,"V",32,TRUE,1,1,FALSE,1,FALSE,0,0,1,0,1,0,0,0
3,"V",33,TRUE,3,1,TRUE,0,FALSE,0,0,8,5,8,0,1,1
3,"V",34,TRUE,3,0,TRUE,0,FALSE,0,0,4,2,4,1,1,1
3,"V",35,TRUE,4,0,FALSE,1,FALSE,0,0,8,3,4,0,0,0
3,"V",36,TRUE,2,0,FALSE,1,FALSE,0,0,9,4,6,0,0,0
3,"V",37,TRUE,2,1,TRUE,0,FALSE,0,0,3,1,2,1,1,1
3,"V",38,TRUE,1,0,FALSE,1,FALSE,0,0,8,2,3,0,0,0
3,"V",39,TRUE,1,1,FALSE,1,FALSE,0,0,7,1,0,1,1,1
3,"V",40,TRUE,2,1,TRUE,0,FALSE,0,0,4,1,2,1,1,1
3,"V",41,TRUE,3,0,TRUE,0,FALSE,0,0,7,3,5,0,0,0
3,"V",42,TRUE,3,0,FALSE,1,FALSE,0,0,7,3,3,0,0,0
3,"V",43,TRUE,4,1,FALSE,1,TRUE,1,0,1,1,1,1,1,1
3,"V",44,TRUE,3,0,TRUE,1,FALSE,0,0,3,2,3,0,0,0
3,"V",45,TRUE,3,1,FALSE,1,TRUE,1,0,7,2,3,1,1,1
3,"V",46,TRUE,1,1,FALSE,1,FALSE,0,0,6,2,5,1,1,1
3,"V",47,TRUE,1,1,FALSE,1,FALSE,0,0,3,1,1,1,1,1
3,"V",48,TRUE,4,0,FALSE,1,FALSE,0,0,7,1,3,1,1,1
3,"V",49,TRUE,4,0,TRUE,1,FALSE,0,0,7,1,2,0,0,0
3,"V",50,TRUE,1,0,FALSE,1,TRUE,0,1,1,3,4,1,1,1
3,"V",51,FALSE,1,0,FALSE,1,TRUE,0,1,5,6,10,0,0,0
3,"V",52,TRUE,4,1,FALSE,1,FALSE,0,0,5,3,5,1,1,1
3,"V",53,TRUE,2,1,TRUE,1,FALSE,0,0,3,3,1,1,1,1
3,"V",54,TRUE,2,1,TRUE,1,FALSE,0,0,7,2,4,1,1,1
3,"V",55,TRUE,4,1,FALSE,1,FALSE,0,0,3,4,6,1,1,1
3,"V",56,TRUE,1,1,FALSE,1,FALSE,0,0,6,1,1,1,1,1
3,"V",57,FALSE,3,1,TRUE,1,TRUE,1,0,2,2,2,0,0,0
3,"V",58,FALSE,4,1,FALSE,0,FALSE,0,0,6,3,5,1,0,1
3,"V",59,TRUE,1,1,FALSE,1,FALSE,0,0,5,5,8,1,1,1
3,"V",60,TRUE,4,1,FALSE,0,TRUE,1,0,4,2,2,0,0,0
3,"V",61,TRUE,1,1,FALSE,1,FALSE,0,0,2,4,6,1,1,1
3,"V",62,FALSE,3,0,FALSE,1,FALSE,0,0,7,2,3,1,1,1
3,"V",63,TRUE,2,1,TRUE,1,FALSE,0,0,1,1,2,1,1,1
3,"V",64,TRUE,2,0,TRUE,0,FALSE,0,0,3,1,2,0,0,0
3,"V",65,TRUE,1,0,FALSE,1,FALSE,0,0,6,4,7,0,0,0
3,"V",66,TRUE,2,1,FALSE,1,FALSE,0,0,8,3,5,1,1,1
3,"V",67,TRUE,4,0,FALSE,1,FALSE,0,0,9,5,8,0,0,0
3,"V",68,TRUE,3,1,TRUE,0,TRUE,1,0,1,3,5,1,1,1
3,"V",69,TRUE,4,0,FALSE,1,FALSE,0,0,6,1,3,0,0,0
3,"C",70,FALSE,2,1,TRUE,1,FALSE,0,0,6,4,5,1,0,1
3,"V",71,TRUE,2,0,TRUE,0,TRUE,0,1,5,3,5,1,1,1
3,"V",72,TRUE,4,1,FALSE,1,FALSE,0,0,2,1,1,1,1,1
3,"V",73,TRUE,1,1,FALSE,1,FALSE,0,0,6,1,2,0,0,0
3,"V",74,FALSE,3,1,TRUE,0,TRUE,1,0,1,1,1,1,1,1
3,"V",75,TRUE,3,0,TRUE,0,FALSE,0,0,2,3,5,0,0,0
3,"V",76,TRUE,3,1,TRUE,1,FALSE,0,0,5,3,5,1,1,1
3,"V",77,TRUE,1,1,FALSE,1,FALSE,0,0,7,1,2,1,1,1
3,"V",78,TRUE,1,0,FALSE,1,FALSE,0,0,2,0,1,0,0,0
3,"V",79,TRUE,4,0,FALSE,0,FALSE,0,0,6,3,5,0,0,0
3,"V",80,TRUE,1,1,FALSE,1,FALSE,0,0,7,1,4,1,1,1
3,"V",81,TRUE,2,1,TRUE,1,FALSE,0,0,4,3,5,1,1,1
3,"V",82,FALSE,4,1,FALSE,1,FALSE,0,0,8,1,2,1,1,1
3,"V",83,TRUE,4,1,FALSE,1,FALSE,0,0,8,3,2,1,1,1
3,"V",84,TRUE,3,1,FALSE,1,FALSE,0,0,4,1,2,0,0,0
3,"V",85,TRUE,3,0,TRUE,0,FALSE,0,0,5,3,5,0,0,0
3,"V",86,TRUE,4,1,FALSE,1,TRUE,1,0,4,1,2,1,1,1
3,"V",87,TRUE,4,1,FALSE,1,TRUE,1,0,6,0,0,1,1,1
3,"V",88,TRUE,1,1,FALSE,1,FALSE,0,0,2,4,5,0,0,0
3,"V",89,TRUE,4,1,FALSE,1,TRUE,1,0,6,1,2,1,1,1
3,"V",90,TRUE,2,1,TRUE,1,FALSE,0,0,7,1,2,0,0,0
3,"V",91,TRUE,1,0,FALSE,1,FALSE,0,0,5,0,0,1,1,1
3,"V",92,TRUE,4,1,FALSE,1,FALSE,0,0,4,1,2,0,1,0
3,"V",93,TRUE,4,1,FALSE,1,TRUE,1,0,6,4,6,1,1,1
3,"V",94,TRUE,3,1,TRUE,1,TRUE,1,0,7,4,6,0,0,0
3,"V",95,FALSE,3,0,TRUE,0,FALSE,0,0,8,2,3,0,0,0
3,"V",96,TRUE,4,1,FALSE,0,FALSE,0,0,2,3,5,0,0,0
3,"V",97,TRUE,4,0,FALSE,0,FALSE,0,0,8,2,4,0,0,0
3,"V",98,TRUE,3,0,TRUE,1,FALSE,0,0,4,1,2,0,0,0
3,"V",99,TRUE,4,1,FALSE,1,FALSE,0,0,8,3,5,1,1,1
3,"V",100,TRUE,3,1,TRUE,1,TRUE,1,0,2,0,2,1,1,1
3,"V",101,TRUE,2,1,FALSE,1,FALSE,0,0,5,3,5,1,1,1
3,"V",102,TRUE,3,1,TRUE,1,FALSE,0,0,6,2,4,1,1,1
3,"V",103,TRUE,2,1,TRUE,0,FALSE,0,0,1,3,5,1,1,1
3,"V",104,TRUE,3,0,TRUE,1,FALSE,0,0,5,1,5,1,1,1
3,"V",105,TRUE,2,1,FALSE,1,FALSE,0,0,10,3,5,1,1,1
3,"V",106,FALSE,1,1,FALSE,0,FALSE,0,0,7,2,4,1,1,1
3,"V",107,TRUE,4,1,FALSE,1,FALSE,0,0,6,1,1,0,0,0
3,"V",108,FALSE,2,0,TRUE,1,FALSE,0,0,4,3,5,0,0,0
3,"V",109,TRUE,1,1,FALSE,1,FALSE,0,0,3,4,6,1,1,1
3,"V",110,TRUE,3,1,TRUE,0,TRUE,1,0,4,2,4,1,1,1
3,"V",111,TRUE,1,0,FALSE,0,TRUE,0,1,8,3,6,0,0,0
3,"V",112,FALSE,4,1,FALSE,1,FALSE,0,0,3,0,0,0,1,0
3,"V",113,TRUE,3,1,TRUE,0,FALSE,0,0,4,3,5,1,1,1
3,"V",114,TRUE,1,1,FALSE,1,FALSE,0,0,2,1,3,1,1,1
3,"V",115,TRUE,4,1,FALSE,1,TRUE,1,0,5,1,1,1,1,1
3,"C",116,TRUE,4,1,FALSE,1,FALSE,0,0,3,1,2,1,1,1
3,"V",117,TRUE,2,0,TRUE,1,FALSE,0,0,8,1,3,0,0,0
3,"V",118,TRUE,2,1,TRUE,1,FALSE,0,0,1,1,1,1,1,1
3,"V",119,TRUE,4,1,FALSE,0,FALSE,0,0,6,3,5,0,0,0
3,"V",120,TRUE,3,1,TRUE,1,FALSE,0,0,4,4,5,1,0,1
3,"V",121,TRUE,2,1,TRUE,1,FALSE,0,0,8,0,0,0,0,0
3,"V",122,TRUE,2,1,TRUE,0,FALSE,0,0,6,1,1,0,0,0
3,"V",123,FALSE,4,1,FALSE,0,FALSE,0,0,7,2,3,0,0,0
3,"V",124,FALSE,2,0,FALSE,1,FALSE,0,0,9,3,5,0,0,0
3,"V",125,TRUE,4,1,FALSE,1,TRUE,1,0,4,2,5,1,1,1
3,"C",126,FALSE,1,0,FALSE,1,TRUE,0,1,5,2,3,0,0,0
3,"V",127,TRUE,2,1,TRUE,1,FALSE,0,0,5,1,3,1,1,1
3,"C",128,TRUE,3,1,TRUE,1,FALSE,0,0,9,2,1,1,1,1
3,"V",129,TRUE,1,0,FALSE,0,FALSE,0,0,1,3,5,0,0,0
3,"V",130,TRUE,4,0,FALSE,0,FALSE,0,0,6,0,0,0,0,0
3,"C",131,FALSE,3,0,TRUE,1,FALSE,0,0,5,5,5,0,0,0
3,"V",132,TRUE,2,0,TRUE,0,TRUE,0,1,2,2,4,1,1,1
3,"C",133,TRUE,4,1,FALSE,1,TRUE,1,0,0,0,0,1,1,1
3,"C",134,FALSE,3,0,TRUE,1,FALSE,0,0,4,4,7,0,0,0
3,"C",135,TRUE,1,1,FALSE,1,FALSE,0,0,3,1,3,1,1,1
3,"C",136,TRUE,1,0,FALSE,1,FALSE,0,0,7,1,2,0,0,0
3,"C",137,TRUE,3,1,TRUE,1,FALSE,0,0,3,1,3,1,1,1
3,"V",138,TRUE,1,1,FALSE,1,FALSE,0,0,7,3,5,1,1,1
3,"C",139,TRUE,3,1,TRUE,1,FALSE,0,0,3,5,8,0,0,0
3,"V",140,FALSE,2,1,TRUE,1,FALSE,0,0,2,1,1,1,1,1
3,"C",141,TRUE,1,0,FALSE,0,TRUE,0,1,9,1,3,0,0,0
3,"C",142,TRUE,3,1,FALSE,1,TRUE,1,0,3,3,5,1,1,1
3,"C",143,FALSE,3,0,TRUE,1,FALSE,0,0,4,1,2,1,1,1
3,"C",144,FALSE,1,1,FALSE,1,FALSE,0,0,6,3,5,1,1,1
3,"C",145,TRUE,4,1,TRUE,1,FALSE,0,0,4,2,4,0,0,0
3,"V",146,TRUE,3,0,TRUE,0,FALSE,0,0,5,2,3,0,0,0
3,"C",147,TRUE,4,1,FALSE,0,FALSE,0,0,7,2,3,0,0,0
3,"V",148,TRUE,2,1,TRUE,1,FALSE,0,0,6,3,5,0,0,0
3,"V",149,TRUE,4,1,FALSE,0,TRUE,1,0,6,3,4,0,0,0
3,"V",150,TRUE,1,0,FALSE,1,FALSE,0,0,4,3,0,0,0,0
3,"V",151,TRUE,1,0,FALSE,1,TRUE,0,1,3,1,2,0,0,0
3,"V",152,TRUE,4,1,FALSE,0,TRUE,1,0,9,5,8,0,1,0
3,"V",153,TRUE,2,0,TRUE,1,FALSE,0,0,3,4,6,0,0,0
3,"V",154,TRUE,2,1,TRUE,1,FALSE,0,0,3,3,5,1,0,1
3,"V",155,FALSE,1,1,FALSE,0,FALSE,0,0,6,2,4,0,0,0
3,"C",156,TRUE,1,1,FALSE,1,FALSE,0,0,7,1,1,1,1,1
3,"C",157,TRUE,2,1,TRUE,1,FALSE,0,0,3,1,1,1,1,1
3,"C",158,TRUE,1,1,FALSE,0,FALSE,0,0,5,4,7,1,1,1
3,"C",159,TRUE,1,1,FALSE,1,FALSE,0,0,4,2,5,0,0,0
3,"C",160,TRUE,3,1,TRUE,1,FALSE,0,0,7,1,1,1,1,1
3,"C",161,FALSE,3,0,TRUE,0,FALSE,0,0,2,4,6,0,0,0
3,"C",162,TRUE,2,0,TRUE,0,TRUE,0,1,4,0,2,0,0,0
3,"C",163,TRUE,2,0,TRUE,1,FALSE,0,0,7,0,1,0,0,0
3,"C",164,TRUE,3,1,TRUE,1,FALSE,0,0,4,0,0,0,0,0
3,"C",165,TRUE,3,1,TRUE,1,FALSE,0,0,3,0,0,0,0,0
3,"C",166,FALSE,2,0,TRUE,1,FALSE,0,0,1,3,5,0,0,0
3,"C",167,TRUE,2,0,TRUE,0,TRUE,0,1,8,4,7,0,0,0
3,"C",168,FALSE,2,1,TRUE,1,FALSE,0,0,7,0,0,1,1,1
3,"C",169,FALSE,2,1,TRUE,0,FALSE,0,0,3,4,4,1,1,1
3,"C",170,TRUE,2,1,TRUE,0,FALSE,0,0,6,0,0,0,0,0
3,"C",171,TRUE,2,1,TRUE,1,FALSE,0,0,1,3,5,1,1,1
3,"C",172,TRUE,2,1,TRUE,1,FALSE,0,0,7,1,3,1,1,1
3,"C",173,TRUE,3,1,FALSE,0,TRUE,1,0,5,1,2,0,0,0
3,"C",174,TRUE,4,1,FALSE,1,TRUE,1,0,4,2,4,0,0,0
3,"C",175,FALSE,1,0,FALSE,0,TRUE,0,1,5,1,2,0,0,0
3,"C",176,TRUE,4,1,FALSE,1,FALSE,0,0,7,0,0,1,1,1
3,"C",177,FALSE,3,0,TRUE,1,FALSE,0,0,7,1,2,1,1,1
3,"C",178,TRUE,4,1,FALSE,1,FALSE,0,0,2,1,2,1,1,1
3,"C",179,TRUE,1,0,FALSE,0,TRUE,0,1,8,2,4,0,0,0
3,"C",180,FALSE,1,0,FALSE,1,TRUE,0,1,8,3,4,1,0,0
3,"C",181,TRUE,2,0,TRUE,1,TRUE,0,1,6,3,5,1,1,1
3,"C",182,TRUE,3,0,TRUE,0,FALSE,0,0,6,2,3,1,1,1
3,"C",183,TRUE,4,1,FALSE,1,FALSE,0,0,6,1,2,1,1,1
3,"C",184,TRUE,4,1,FALSE,0,FALSE,0,0,10,3,5,0,0,0
3,"C",185,TRUE,3,0,TRUE,0,FALSE,0,0,6,1,4,0,0,0
3,"C",186,TRUE,2,0,TRUE,0,TRUE,0,1,10,0,0,0,0,0
3,"V",187,TRUE,2,1,TRUE,0,FALSE,0,0,4,1,2,1,1,1
3,"C",188,TRUE,2,1,TRUE,1,FALSE,0,0,1,3,5,0,0,0
3,"C",189,TRUE,1,0,FALSE,1,TRUE,0,1,2,1,4,1,1,1
3,"C",190,TRUE,4,0,FALSE,0,FALSE,0,0,7,3,5,0,0,0
3,"C",191,FALSE,4,1,FALSE,1,FALSE,0,0,2,4,6,0,0,0
3,"C",192,TRUE,2,0,TRUE,1,TRUE,0,1,7,3,5,0,0,0
3,"C",193,TRUE,4,1,FALSE,0,FALSE,0,0,6,2,2,1,1,1
3,"C",194,TRUE,4,1,FALSE,1,FALSE,0,0,8,2,4,0,1,0
3,"C",195,TRUE,4,1,FALSE,1,TRUE,1,0,4,0,1,1,1,1
3,"C",196,FALSE,3,0,TRUE,0,FALSE,0,0,10,3,5,1,1,1
3,"C",197,TRUE,4,1,FALSE,1,FALSE,0,0,3,1,3,0,0,0
3,"C",198,TRUE,1,0,FALSE,1,TRUE,0,1,8,4,7,0,0,0
3,"C",199,TRUE,1,0,FALSE,1,FALSE,0,0,4,2,2,0,0,0
3,"C",200,TRUE,1,1,FALSE,1,FALSE,0,0,1,0,0,1,0,1
3,"C",201,FALSE,1,0,FALSE,1,TRUE,0,1,5,2,2,0,1,1
3,"C",202,FALSE,4,1,FALSE,0,TRUE,1,0,8,5,8,1,1,1
3,"C",203,FALSE,2,0,TRUE,0,TRUE,0,1,3,3,5,0,0,0
3,"C",204,TRUE,1,0,FALSE,0,FALSE,0,0,8,4,5,0,0,0
3,"C",205,TRUE,4,1,FALSE,1,FALSE,0,0,5,1,3,1,1,1
3,"C",206,TRUE,4,1,FALSE,0,TRUE,1,0,7,2,3,0,1,1
3,"C",207,TRUE,3,1,TRUE,1,TRUE,1,0,7,2,3,1,1,1
3,"C",208,TRUE,1,0,FALSE,1,FALSE,0,0,3,3,5,0,0,0
3,"C",209,TRUE,4,1,FALSE,0,TRUE,1,0,1,4,6,0,0,0
3,"C",210,TRUE,3,0,FALSE,1,FALSE,0,0,9,0,0,1,1,1
3,"C",211,TRUE,3,1,FALSE,0,TRUE,1,0,7,0,0,0,0,0
3,"C",212,FALSE,2,0,TRUE,1,FALSE,0,0,8,0,2,0,0,0
3,"C",213,TRUE,1,0,FALSE,0,TRUE,0,1,5,0,0,1,1,1
3,"C",214,TRUE,1,0,FALSE,0,TRUE,0,1,2,5,9,0,0,0
3,"C",215,FALSE,3,1,FALSE,1,FALSE,0,0,3,3,5,0,1,1
3,"C",216,TRUE,1,0,FALSE,0,TRUE,0,1,5,4,4,0,0,0
3,"C",217,TRUE,4,1,FALSE,1,FALSE,0,0,6,2,3,0,0,0
3,"C",218,TRUE,3,1,FALSE,1,FALSE,0,0,5,2,4,0,1,1
3,"C",219,TRUE,3,1,TRUE,0,TRUE,1,0,2,2,5,1,1,1
3,"C",220,TRUE,2,1,TRUE,0,FALSE,0,0,8,3,5,1,0,1
3,"C",221,TRUE,4,1,FALSE,0,TRUE,1,0,9,3,4,0,0,0
3,"C",222,TRUE,3,0,TRUE,1,FALSE,0,0,5,3,5,1,0,1
3,"C",223,FALSE,3,1,TRUE,1,FALSE,0,0,0,2,2,1,1,1
3,"C",224,FALSE,1,0,FALSE,1,FALSE,0,0,6,2,5,0,0,0
3,"C",225,TRUE,4,1,FALSE,1,FALSE,0,0,7,2,4,0,0,0
3,"C",226,FALSE,1,0,FALSE,0,TRUE,0,1,6,4,6,0,0,0
3,"C",227,TRUE,2,0,FALSE,0,TRUE,0,1,2,2,3,0,0,0
3,"C",228,FALSE,3,0,TRUE,1,FALSE,0,0,8,4,7,0,0,0
3,"C",229,TRUE,2,0,FALSE,1,FALSE,0,0,8,2,4,0,0,0
3,"C",230,TRUE,2,1,TRUE,1,FALSE,0,0,8,1,3,1,1,1
3,"C",231,TRUE,4,1,FALSE,1,TRUE,1,0,7,1,1,1,1,1
3,"C",232,TRUE,1,1,FALSE,1,FALSE,0,0,6,4,6,1,1,1
3,"C",233,TRUE,3,1,FALSE,1,TRUE,1,0,6,1,3,1,1,1
3,"C",234,TRUE,1,1,FALSE,0,FALSE,0,0,4,2,5,0,1,0
3,"C",235,TRUE,3,1,TRUE,0,TRUE,1,0,7,1,2,1,0,0
3,"C",236,TRUE,2,0,TRUE,1,FALSE,0,0,7,1,1,0,0,0
3,"C",237,TRUE,4,0,FALSE,1,FALSE,0,0,4,2,4,0,0,0
3,"C",238,TRUE,4,1,FALSE,1,FALSE,0,0,0,2,4,0,1,1
3,"C",239,TRUE,1,0,FALSE,0,TRUE,0,1,6,3,5,0,0,0
3,"C",240,TRUE,2,1,TRUE,1,FALSE,0,0,9,1,0,1,1,1
3,"C",241,FALSE,2,0,TRUE,1,TRUE,0,1,6,2,4,0,0,0
3,"C",242,FALSE,3,1,TRUE,1,TRUE,1,0,1,3,5,1,1,1
3,"C",243,TRUE,1,0,FALSE,0,TRUE,0,1,1,2,3,0,0,0
3,"C",244,TRUE,3,1,TRUE,0,TRUE,1,0,7,4,5,0,0,0
3,"C",245,FALSE,1,1,FALSE,1,FALSE,0,0,8,4,8,1,1,1
3,"C",246,TRUE,2,1,FALSE,1,FALSE,0,0,2,2,2,1,1,1
3,"C",247,FALSE,4,1,FALSE,0,FALSE,0,0,2,3,5,0,0,0
3,"C",248,FALSE,4,0,FALSE,0,FALSE,0,0,5,4,5,0,0,0
3,"C",249,FALSE,3,1,TRUE,0,FALSE,0,0,8,0,0,1,1,1
3,"C",250,FALSE,1,0,FALSE,1,FALSE,0,0,7,1,3,0,0,0
3,"C",251,TRUE,3,0,TRUE,1,FALSE,0,0,8,3,5,0,0,0
3,"C",252,FALSE,4,1,FALSE,0,FALSE,0,0,2,1,5,0,0,0
3,"C",253,TRUE,1,1,FALSE,1,FALSE,0,0,3,3,5,1,1,1
3,"C",254,FALSE,4,0,FALSE,0,FALSE,0,0,6,3,5,0,0,0
3,"C",255,TRUE,1,1,FALSE,0,FALSE,0,0,8,1,2,1,0,1
3,"C",256,TRUE,3,1,FALSE,1,TRUE,1,0,4,1,2,1,1,1
3,"C",257,FALSE,4,1,FALSE,1,FALSE,0,0,9,1,2,1,0,0
3,"C",258,TRUE,4,1,FALSE,1,FALSE,0,0,7,1,3,1,1,1
3,"C",259,FALSE,1,0,FALSE,0,TRUE,0,1,3,1,2,0,0,0
3,"C",260,TRUE,4,1,TRUE,1,TRUE,1,0,2,1,2,1,1,1
3,"C",261,TRUE,4,1,FALSE,0,FALSE,0,0,6,3,6,0,0,0
3,"C",262,TRUE,1,0,FALSE,1,FALSE,0,0,8,2,7,0,0,0
3,"C",263,FALSE,3,1,TRUE,0,TRUE,1,0,8,4,6,0,0,0
3,"C",264,TRUE,4,1,FALSE,1,FALSE,0,0,1,1,2,1,1,1
3,"C",265,FALSE,1,0,FALSE,0,TRUE,0,1,3,2,4,0,0,0
3,"C",266,TRUE,3,0,TRUE,0,FALSE,0,0,5,1,2,0,0,0
3,"C",267,TRUE,2,1,TRUE,1,FALSE,0,0,3,4,5,1,1,1
3,"C",268,TRUE,2,1,TRUE,1,FALSE,0,0,2,2,2,1,1,1
3,"C",269,FALSE,2,0,TRUE,0,TRUE,0,1,6,5,9,0,0,0
3,"C",270,TRUE,2,0,TRUE,0,TRUE,0,1,3,1,3,0,0,0
3,"C",271,TRUE,4,1,FALSE,1,FALSE,0,0,7,3,5,1,1,1
3,"C",272,TRUE,2,0,TRUE,0,TRUE,0,1,4,3,5,0,0,0
3,"C",273,TRUE,4,1,FALSE,1,FALSE,0,0,8,5,7,0,0,0
3,"C",274,TRUE,2,1,TRUE,1,FALSE,0,0,4,3,5,1,1,1
3,"C",275,TRUE,2,1,TRUE,1,FALSE,0,0,4,1,0,1,1,1
3,"C",276,TRUE,1,0,FALSE,1,FALSE,0,0,5,2,5,0,0,0
3,"V",277,TRUE,2,0,TRUE,1,FALSE,0,0,7,3,5,0,1,0
3,"V",278,TRUE,4,0,FALSE,0,FALSE,0,0,3,2,4,0,0,0
3,"C",279,FALSE,2,1,TRUE,1,FALSE,0,0,2,3,5,1,1,1
3,"V",280,TRUE,4,0,FALSE,0,FALSE,0,0,6,1,2,0,0,0
3,"V",281,TRUE,2,1,TRUE,1,FALSE,0,0,5,4,8,1,1,1
3,"V",282,TRUE,3,0,TRUE,1,FALSE,0,0,3,2,4,1,1,1
3,"V",283,TRUE,2,1,TRUE,0,FALSE,0,0,6,4,6,1,1,1
3,"C",284,FALSE,2,0,TRUE,0,TRUE,0,1,9,2,4,0,0,0
3,"C",285,TRUE,1,0,FALSE,1,TRUE,0,1,8,3,5,0,0,0
3,"V",286,FALSE,1,0,FALSE,1,FALSE,0,0,5,1,3,0,0,0
3,"C",287,TRUE,3,1,TRUE,0,FALSE,0,0,2,3,5,0,0,0
3,"V",288,TRUE,2,1,TRUE,1,FALSE,0,0,8,0,0,1,1,1
3,"V",289,TRUE,2,0,TRUE,1,FALSE,0,0,6,1,3,0,0,0
3,"C",290,TRUE,3,0,TRUE,0,FALSE,0,0,8,4,7,1,0,0
3,"C",291,TRUE,3,1,TRUE,0,TRUE,1,0,5,5,9,0,0,0
3,"C",292,TRUE,2,0,TRUE,0,TRUE,0,1,7,1,5,0,0,0
3,"C",293,TRUE,4,1,FALSE,1,TRUE,1,0,6,1,3,1,1,1
3,"C",294,TRUE,2,0,TRUE,0,TRUE,0,1,3,4,5,0,0,0
3,"C",295,TRUE,2,0,FALSE,0,TRUE,0,1,2,5,7,0,0,0
3,"C",296,TRUE,2,1,TRUE,0,FALSE,0,0,5,3,5,1,1,1
3,"C",297,FALSE,1,0,FALSE,1,TRUE,0,1,4,3,5,0,0,0
3,"C",298,TRUE,4,1,FALSE,0,FALSE,0,0,7,2,2,0,0,0
3,"C",299,TRUE,1,0,FALSE,0,TRUE,0,1,1,3,5,0,0,0
3,"V",300,TRUE,3,1,TRUE,1,TRUE,1,0,2,0,0,1,1,1
3,"V",301,TRUE,1,1,FALSE,0,FALSE,0,0,5,3,5,1,1,1
3,"V",302,TRUE,3,1,TRUE,1,FALSE,0,0,6,1,3,1,1,1
3,"V",303,TRUE,1,1,FALSE,1,FALSE,0,0,3,0,0,1,1,1
3,"C",304,FALSE,2,0,TRUE,0,TRUE,0,1,4,5,10,0,0,0
3,"V",305,TRUE,3,0,TRUE,1,FALSE,0,0,5,4,7,0,0,0
3,"V",306,TRUE,1,1,FALSE,0,FALSE,0,0,4,3,5,1,1,1
3,"V",307,FALSE,2,0,TRUE,1,TRUE,0,1,8,0,0,1,0,0
3,"C",308,TRUE,3,1,TRUE,0,TRUE,1,0,5,3,5,0,0,0
3,"V",309,TRUE,2,0,TRUE,1,FALSE,0,0,6,2,5,0,0,0
3,"C",310,TRUE,2,0,TRUE,1,FALSE,0,0,6,3,5,1,1,1
3,"V",311,TRUE,3,1,TRUE,1,FALSE,0,0,6,2,5,1,1,1
3,"V",312,TRUE,1,0,FALSE,0,FALSE,0,0,0,0,0,0,0,0
3,"C",313,FALSE,2,0,TRUE,1,TRUE,0,1,7,1,3,0,0,0
3,"C",314,TRUE,3,0,TRUE,0,FALSE,0,0,3,4,6,0,0,0
3,"V",315,TRUE,4,1,FALSE,0,TRUE,1,0,0,1,0,1,0,1
3,"V",316,TRUE,2,0,TRUE,1,TRUE,0,1,4,1,3,0,0,0
3,"V",317,FALSE,3,1,TRUE,0,TRUE,1,0,6,2,3,0,0,0
3,"V",318,TRUE,2,0,TRUE,1,FALSE,0,0,0,1,1,0,0,0
3,"V",319,TRUE,1,1,FALSE,1,FALSE,0,0,6,2,5,1,1,1
3,"C",320,TRUE,4,0,FALSE,0,FALSE,0,0,2,4,6,0,0,0
3,"C",321,TRUE,4,1,FALSE,1,FALSE,0,0,7,2,7,1,1,1
3,"C",322,TRUE,3,0,FALSE,0,FALSE,0,0,8,3,3,0,0,0
3,"V",323,FALSE,4,0,FALSE,1,FALSE,0,0,2,3,5,0,0,0
3,"V",324,TRUE,3,0,TRUE,0,FALSE,0,0,6,4,6,0,0,0
3,"V",325,TRUE,1,1,FALSE,1,FALSE,0,0,8,5,7,1,1,1
3,"V",326,TRUE,2,1,TRUE,1,FALSE,0,0,6,1,2,1,1,1
3,"V",327,TRUE,4,1,FALSE,1,FALSE,0,0,8,1,1,1,1,1
3,"V",328,TRUE,3,1,TRUE,1,TRUE,1,0,2,0,0,1,1,1
3,"V",329,TRUE,1,0,FALSE,1,FALSE,0,0,7,2,3,0,0,0
3,"V",330,FALSE,1,1,FALSE,1,FALSE,0,0,3,2,3,0,0,0
3,"V",331,TRUE,4,1,FALSE,1,FALSE,0,0,7,4,6,0,0,0
3,"V",332,TRUE,3,1,TRUE,1,TRUE,1,0,5,1,2,1,1,1
3,"V",333,TRUE,3,0,TRUE,1,FALSE,0,0,1,2,5,0,0,0
3,"V",334,TRUE,3,1,FALSE,1,FALSE,0,0,7,2,4,0,1,1
3,"V",335,FALSE,2,1,TRUE,0,FALSE,0,0,3,1,2,1,1,1
3,"V",336,TRUE,3,0,TRUE,0,FALSE,0,0,5,1,2,0,0,0
3,"V",337,FALSE,2,0,FALSE,1,FALSE,0,0,5,3,5,0,0,0
3,"V",338,TRUE,1,0,FALSE,0,TRUE,0,1,8,5,8,0,0,0
3,"V",339,TRUE,4,1,FALSE,1,FALSE,0,0,5,2,3,1,1,1
3,"V",340,TRUE,2,1,TRUE,1,FALSE,0,0,4,1,2,1,1,1
3,"V",341,TRUE,4,1,FALSE,0,TRUE,1,0,8,2,3,0,1,1
3,"V",342,TRUE,2,1,TRUE,1,FALSE,0,0,3,2,3,1,0,0
3,"V",343,TRUE,2,0,TRUE,0,TRUE,0,1,6,1,2,0,0,0
3,"V",344,TRUE,2,0,TRUE,0,TRUE,0,1,6,2,2,0,0,0
3,"V",345,TRUE,4,0,FALSE,0,FALSE,0,0,0,4,7,0,1,1
3,"V",346,TRUE,1,0,FALSE,1,FALSE,0,0,6,0,0,0,0,0
3,"V",347,TRUE,3,1,TRUE,1,TRUE,1,0,7,4,8,1,1,1
3,"V",348,TRUE,4,1,FALSE,1,FALSE,0,0,5,3,5,1,1,1
3,"V",349,TRUE,1,0,FALSE,0,FALSE,0,0,5,3,5,0,0,0
3,"V",350,TRUE,2,1,TRUE,1,FALSE,0,0,4,3,4,1,1,1
3,"V",351,FALSE,2,0,TRUE,1,TRUE,0,1,5,3,5,0,0,0
3,"V",352,FALSE,2,1,TRUE,0,FALSE,0,0,8,4,5,0,0,0
3,"V",353,TRUE,1,1,FALSE,0,FALSE,0,0,7,4,7,1,1,1
3,"V",354,TRUE,2,0,TRUE,1,TRUE,0,1,8,5,9,0,0,0
3,"C",355,TRUE,2,0,TRUE,0,TRUE,0,1,8,3,5,0,0,0
3,"C",356,TRUE,2,0,TRUE,1,TRUE,0,1,7,3,5,0,0,0
3,"C",357,FALSE,2,0,TRUE,0,TRUE,0,1,0,3,5,0,0,0
3,"C",358,TRUE,3,1,TRUE,1,FALSE,0,0,7,4,7,1,1,1
3,"C",359,TRUE,3,0,FALSE,0,FALSE,0,0,5,1,2,0,0,0
3,"C",360,TRUE,3,1,TRUE,1,TRUE,1,0,4,0,1,1,1,1
3,"C",361,TRUE,4,1,FALSE,0,TRUE,1,0,6,3,5,0,0,0
3,"C",362,TRUE,3,1,TRUE,1,FALSE,0,0,3,1,1,1,1,1
3,"C",363,TRUE,1,0,FALSE,1,FALSE,0,0,6,3,5,0,0,0
3,"C",364,FALSE,3,1,FALSE,1,FALSE,0,0,5,3,5,1,1,1
3,"C",365,TRUE,2,1,TRUE,1,FALSE,0,0,0,2,3,1,1,1
3,"C",366,TRUE,1,0,FALSE,0,TRUE,0,1,7,2,6,0,0,0
3,"C",367,TRUE,3,0,TRUE,1,FALSE,0,0,9,1,1,0,0,0
3,"C",368,TRUE,1,1,FALSE,1,FALSE,0,0,6,2,5,1,1,1
3,"C",369,FALSE,1,1,FALSE,1,FALSE,0,0,1,5,5,0,1,1
3,"C",370,TRUE,3,1,FALSE,1,TRUE,1,0,6,2,5,0,0,0
3,"C",371,TRUE,3,1,TRUE,0,TRUE,1,0,1,1,2,0,0,0
3,"C",372,TRUE,1,1,FALSE,0,FALSE,0,0,3,1,3,1,1,1
3,"C",373,TRUE,4,1,FALSE,1,TRUE,1,0,3,1,3,1,1,1
3,"C",374,TRUE,4,0,FALSE,1,FALSE,0,0,6,3,5,0,0,0
3,"C",375,TRUE,2,1,TRUE,0,FALSE,0,0,3,1,2,0,0,0
3,"C",376,TRUE,4,1,FALSE,1,TRUE,1,0,7,2,5,0,1,1
3,"C",377,TRUE,1,0,FALSE,1,FALSE,0,0,6,1,2,0,0,0
3,"C",378,TRUE,3,0,TRUE,0,FALSE,0,0,8,2,4,0,0,0
3,"C",379,TRUE,3,0,TRUE,0,FALSE,0,0,3,2,5,0,0,0
3,"C",380,TRUE,1,0,FALSE,0,FALSE,0,0,8,2,3,0,0,0
3,"C",381,TRUE,2,0,TRUE,1,TRUE,0,1,10,2,7,1,0,0
3,"C",382,TRUE,1,1,FALSE,1,FALSE,0,0,5,2,3,0,0,0
3,"C",383,TRUE,3,1,FALSE,0,TRUE,1,0,6,3,5,1,1,1
3,"C",384,TRUE,2,1,TRUE,1,FALSE,0,0,1,5,8,1,1,1
3,"C",385,TRUE,2,0,TRUE,0,TRUE,0,1,7,0,0,0,0,0
3,"C",386,FALSE,4,1,FALSE,1,TRUE,1,0,6,1,2,1,0,0
3,"C",387,TRUE,4,1,FALSE,1,TRUE,1,0,1,1,2,0,1,1
3,"C",388,TRUE,2,0,TRUE,0,TRUE,0,1,6,1,3,0,0,0
3,"C",389,TRUE,1,1,FALSE,1,FALSE,0,0,6,3,5,0,1,1
3,"C",390,TRUE,1,1,FALSE,1,FALSE,0,0,1,1,2,1,1,1
3,"C",391,TRUE,4,0,FALSE,1,FALSE,0,0,7,3,2,0,0,0
3,"C",392,TRUE,3,1,TRUE,0,FALSE,0,0,5,1,2,0,0,0
3,"C",393,TRUE,3,1,TRUE,1,FALSE,0,0,3,2,5,1,1,1
3,"C",394,TRUE,2,1,TRUE,1,FALSE,0,0,2,1,3,1,1,1
3,"C",395,FALSE,4,1,FALSE,0,TRUE,1,0,6,1,5,1,1,1
3,"C",396,TRUE,2,1,FALSE,0,FALSE,0,0,5,2,2,0,0,0
3,"C",397,TRUE,1,0,FALSE,1,FALSE,0,0,1,4,6,0,0,0
3,"C",398,TRUE,3,1,TRUE,1,FALSE,0,0,2,4,7,0,0,0
3,"C",399,TRUE,2,0,TRUE,1,FALSE,0,0,8,3,5,0,0,0
3,"C",400,TRUE,1,0,FALSE,0,TRUE,0,1,6,3,5,0,0,0
3,"C",401,TRUE,2,0,TRUE,1,FALSE,0,0,6,3,5,1,1,1
3,"C",402,TRUE,3,1,TRUE,0,FALSE,0,0,7,4,5,1,1,1
3,"C",403,TRUE,4,1,FALSE,1,TRUE,1,0,1,2,3,0,1,1
3,"C",404,FALSE,1,0,FALSE,1,TRUE,0,1,2,4,3,0,0,0
3,"C",405,TRUE,4,1,FALSE,1,FALSE,0,0,8,3,5,0,0,0
3,"C",406,TRUE,1,1,FALSE,1,FALSE,0,0,2,4,8,0,0,0
3,"C",407,TRUE,1,1,FALSE,1,FALSE,0,0,6,1,2,1,1,1
3,"C",408,TRUE,3,1,FALSE,1,FALSE,0,0,2,0,0,1,1,1
3,"C",409,TRUE,4,1,FALSE,0,TRUE,1,0,7,4,6,0,0,0
3,"C",410,TRUE,4,1,FALSE,1,TRUE,1,0,5,0,0,1,0,1
3,"C",411,TRUE,1,0,FALSE,1,FALSE,0,0,6,5,7,0,0,0
3,"C",412,TRUE,2,0,TRUE,1,FALSE,0,0,2,3,5,0,0,0
3,"C",413,TRUE,2,0,TRUE,0,FALSE,0,0,4,1,0,0,0,0
3,"C",414,FALSE,4,1,FALSE,1,FALSE,0,0,3,4,6,1,0,0
3,"C",415,TRUE,1,1,FALSE,1,FALSE,0,0,3,4,5,1,1,1
3,"C",416,TRUE,2,1,TRUE,1,FALSE,0,0,2,1,2,1,1,1
3,"C",417,TRUE,2,0,TRUE,1,TRUE,0,1,7,2,5,0,0,0
3,"C",418,TRUE,2,0,TRUE,0,TRUE,0,1,3,1,2,0,0,0
3,"C",419,TRUE,3,0,TRUE,1,FALSE,0,0,4,5,9,1,1,1
3,"C",420,FALSE,2,0,TRUE,0,TRUE,0,1,3,3,5,0,0,0
3,"C",421,FALSE,2,0,TRUE,1,FALSE,0,0,10,6,10,0,0,0
3,"C",422,TRUE,4,1,FALSE,0,FALSE,0,0,5,2,5,0,0,0
3,"C",423,TRUE,1,1,FALSE,1,FALSE,0,0,3,2,5,0,0,0
3,"C",424,FALSE,1,0,FALSE,0,TRUE,0,1,6,3,5,0,1,0
3,"C",425,TRUE,4,1,FALSE,1,FALSE,0,0,5,1,2,0,0,0
3,"C",426,TRUE,3,1,FALSE,1,FALSE,0,0,5,3,5,0,0,0
3,"C",427,TRUE,4,1,FALSE,0,FALSE,0,0,7,1,3,0,0,0
3,"C",428,TRUE,2,0,TRUE,0,TRUE,0,1,8,3,5,0,0,0
3,"C",429,FALSE,2,0,FALSE,1,FALSE,0,0,10,2,6,0,0,0
3,"C",430,FALSE,4,1,FALSE,1,FALSE,0,0,6,1,3,0,0,0
3,"C",431,TRUE,2,0,TRUE,0,FALSE,0,0,5,4,6,0,0,0
3,"C",432,TRUE,1,0,FALSE,0,TRUE,0,1,7,3,5,0,0,0
3,"C",433,TRUE,2,1,FALSE,1,FALSE,0,0,4,1,2,0,0,0
3,"C",434,TRUE,1,1,FALSE,1,FALSE,0,0,7,1,1,1,0,1
3,"C",435,TRUE,2,0,TRUE,1,TRUE,0,1,6,4,6,0,0,0
3,"C",436,TRUE,2,1,TRUE,0,FALSE,0,0,7,2,4,1,1,1
3,"C",437,TRUE,2,0,TRUE,0,TRUE,0,1,6,4,5,0,0,0
3,"C",438,TRUE,2,0,TRUE,1,FALSE,0,0,6,3,5,0,0,0
3,"C",439,TRUE,4,1,FALSE,1,FALSE,0,0,3,2,3,1,1,1
3,"C",440,TRUE,4,1,FALSE,1,FALSE,0,0,2,2,4,1,1,1
3,"C",441,TRUE,2,0,TRUE,1,TRUE,0,1,2,4,6,0,0,0
3,"C",442,TRUE,1,0,FALSE,0,FALSE,0,0,4,3,5,0,0,0
3,"C",443,TRUE,1,0,FALSE,1,FALSE,0,0,8,1,1,0,0,0
3,"C",444,FALSE,3,1,TRUE,1,FALSE,0,0,9,4,6,1,1,1
3,"C",445,TRUE,4,1,FALSE,1,TRUE,1,0,5,3,5,0,0,0
3,"C",446,FALSE,3,1,TRUE,1,FALSE,0,0,10,3,5,1,1,1
3,"C",447,FALSE,4,1,FALSE,1,FALSE,0,0,8,3,0,0,0,0
3,"C",448,TRUE,2,1,TRUE,1,FALSE,0,0,9,3,5,1,1,1
3,"C",449,TRUE,4,1,FALSE,1,FALSE,0,0,7,2,2,0,0,0
3,"V",450,TRUE,1,1,FALSE,0,FALSE,0,0,2,2,3,1,0,1
3,"V",451,TRUE,1,1,FALSE,1,FALSE,0,0,6,1,2,1,1,1
3,"V",452,FALSE,3,1,FALSE,1,FALSE,0,0,4,4,5,0,1,1
3,"V",453,TRUE,2,0,TRUE,1,FALSE,0,0,4,1,3,0,0,0
3,"V",454,TRUE,2,0,TRUE,1,FALSE,0,0,5,1,0,1,1,1
3,"V",455,TRUE,1,1,FALSE,1,FALSE,0,0,2,4,3,1,1,1
3,"V",456,FALSE,2,1,TRUE,1,FALSE,0,0,9,0,0,1,1,1
3,"V",457,TRUE,4,1,TRUE,1,TRUE,1,0,4,2,4,1,1,1
3,"C",458,TRUE,2,0,TRUE,1,TRUE,0,1,7,4,8,0,0,0
3,"V",459,TRUE,4,0,FALSE,1,FALSE,0,0,5,5,7,0,0,0
3,"V",460,TRUE,2,0,TRUE,0,FALSE,0,0,8,3,5,0,0,0
3,"V",461,TRUE,3,1,TRUE,1,TRUE,1,0,2,1,2,0,0,0
3,"V",462,TRUE,2,0,TRUE,1,TRUE,0,1,7,4,7,0,0,0
3,"V",463,TRUE,4,0,FALSE,1,FALSE,0,0,5,5,9,0,1,1
3,"V",464,TRUE,1,0,FALSE,1,FALSE,0,0,7,1,1,0,0,0
3,"V",465,TRUE,3,1,TRUE,0,TRUE,1,0,3,4,6,1,1,1
3,"C",466,TRUE,4,0,TRUE,1,FALSE,0,0,3,2,2,1,1,1
3,"V",467,TRUE,4,1,FALSE,1,FALSE,0,0,2,1,3,1,1,1
3,"V",468,TRUE,1,0,FALSE,0,TRUE,0,1,8,2,3,0,0,0
3,"V",469,TRUE,2,0,TRUE,1,TRUE,0,1,2,4,5,0,0,0
3,"V",470,FALSE,2,0,TRUE,1,TRUE,0,1,6,2,3,0,0,0
3,"V",471,TRUE,4,0,FALSE,1,FALSE,0,0,4,4,6,0,0,0
3,"V",472,TRUE,1,1,FALSE,1,FALSE,0,0,7,3,5,1,1,1
3,"V",473,TRUE,4,0,FALSE,1,FALSE,0,0,6,1,3,1,1,1
3,"V",474,TRUE,1,1,FALSE,1,FALSE,0,0,0,3,5,1,1,1
3,"V",475,FALSE,3,0,TRUE,1,FALSE,0,0,7,1,3,0,0,0
3,"V",476,TRUE,2,1,FALSE,1,FALSE,0,0,2,0,0,1,1,1
3,"V",477,TRUE,4,1,FALSE,1,FALSE,0,0,2,5,7,1,1,1
3,"C",478,TRUE,4,1,TRUE,1,FALSE,0,0,7,1,2,1,0,1
3,"V",479,FALSE,4,1,FALSE,1,TRUE,1,0,5,1,2,1,1,1
3,"V",480,FALSE,2,1,TRUE,0,FALSE,0,0,5,1,2,0,0,0
3,"V",481,TRUE,2,1,TRUE,1,FALSE,0,0,8,2,3,1,0,1
3,"V",482,TRUE,1,0,FALSE,0,TRUE,0,1,3,4,5,0,0,0
3,"V",483,TRUE,2,0,TRUE,1,FALSE,0,0,6,2,5,0,0,0
3,"V",484,TRUE,2,0,TRUE,1,TRUE,0,1,7,1,2,1,1,1
3,"V",485,FALSE,2,1,FALSE,1,FALSE,0,0,7,4,6,1,1,1
3,"V",486,TRUE,1,1,FALSE,0,FALSE,0,0,3,1,3,0,0,0
3,"V",487,TRUE,4,1,FALSE,0,TRUE,1,0,6,3,5,0,0,0
3,"V",488,TRUE,2,1,TRUE,1,FALSE,0,0,9,1,2,1,1,1
3,"C",489,TRUE,4,1,FALSE,1,FALSE,0,0,2,3,5,0,0,0
3,"C",490,TRUE,1,1,FALSE,1,FALSE,0,0,5,1,2,1,1,1
3,"V",491,TRUE,1,1,FALSE,1,FALSE,0,0,6,3,5,1,1,1
3,"C",492,TRUE,1,0,FALSE,1,FALSE,0,0,8,3,5,0,0,0
3,"V",493,TRUE,3,1,TRUE,1,FALSE,0,0,3,2,5,1,1,1
3,"V",494,FALSE,1,0,FALSE,1,FALSE,0,0,3,1,2,0,1,1
3,"C",495,TRUE,1,1,FALSE,1,FALSE,0,0,6,6,8,1,1,1
3,"V",496,FALSE,2,1,TRUE,0,FALSE,0,0,1,3,5,1,1,1
3,"V",497,FALSE,1,0,FALSE,1,FALSE,0,0,7,1,1,0,0,0
3,"C",498,TRUE,4,0,FALSE,1,FALSE,0,0,5,0,0,0,0,0
3,"V",499,TRUE,4,1,FALSE,0,FALSE,0,0,7,1,1,1,1,1
3,"V",500,TRUE,1,1,FALSE,0,FALSE,0,0,3,1,2,0,0,0
3,"C",501,TRUE,3,0,TRUE,1,FALSE,0,0,6,1,0,1,0,0
3,"V",502,FALSE,2,0,TRUE,1,TRUE,0,1,2,3,5,0,0,0
3,"V",503,TRUE,2,0,TRUE,1,FALSE,0,0,4,3,5,0,0,0
3,"V",504,TRUE,2,0,FALSE,1,TRUE,0,1,6,5,6,0,0,0
3,"V",505,TRUE,4,0,FALSE,0,FALSE,0,0,6,3,5,0,0,0
3,"V",506,FALSE,4,1,FALSE,1,TRUE,1,0,10,3,5,0,1,1
3,"V",507,TRUE,4,0,FALSE,0,FALSE,0,0,5,5,7,0,0,0
3,"V",508,TRUE,4,1,FALSE,0,TRUE,1,0,0,0,0,1,1,1
3,"V",509,TRUE,1,0,FALSE,0,TRUE,0,1,5,3,5,0,0,0
3,"V",510,TRUE,2,0,TRUE,1,FALSE,0,0,7,3,5,0,0,0
3,"V",511,FALSE,2,0,FALSE,1,FALSE,0,0,8,1,1,0,0,0
3,"V",512,TRUE,4,0,FALSE,1,FALSE,0,0,1,1,2,0,0,0
3,"V",513,TRUE,3,0,TRUE,1,FALSE,0,0,0,3,5,1,0,0
3,"V",514,TRUE,2,0,TRUE,1,FALSE,0,0,8,0,0,0,0,0
3,"V",515,TRUE,2,1,TRUE,1,FALSE,0,0,8,0,0,1,1,1
3,"V",516,TRUE,1,1,FALSE,1,FALSE,0,0,5,1,1,1,1,1
3,"V",517,TRUE,4,0,FALSE,1,FALSE,0,0,9,1,3,0,0,0
3,"C",518,TRUE,1,0,FALSE,0,TRUE,0,1,3,2,3,0,0,0
3,"C",519,TRUE,1,1,FALSE,1,FALSE,0,0,5,1,2,0,0,0
3,"V",520,FALSE,3,1,TRUE,0,TRUE,1,0,8,5,8,0,0,0
3,"V",521,TRUE,1,1,FALSE,1,FALSE,0,0,10,3,5,0,0,0
3,"V",522,TRUE,4,1,FALSE,1,FALSE,0,0,8,5,8,1,1,1
3,"V",523,TRUE,4,1,FALSE,1,TRUE,1,0,7,1,1,1,1,1
3,"V",524,TRUE,3,1,TRUE,0,FALSE,0,0,8,4,6,1,0,1
3,"V",525,TRUE,4,1,FALSE,1,FALSE,0,0,2,2,4,1,1,1
3,"V",526,TRUE,3,1,FALSE,1,TRUE,1,0,6,3,5,0,0,0
3,"V",527,TRUE,1,1,FALSE,0,FALSE,0,0,5,0,1,1,1,1
3,"C",528,TRUE,4,1,FALSE,0,FALSE,0,0,6,3,5,0,0,0
3,"V",529,TRUE,3,1,TRUE,1,FALSE,0,0,6,4,5,1,1,1
3,"V",530,TRUE,2,1,TRUE,1,FALSE,0,0,7,3,5,1,1,1
3,"V",531,TRUE,3,1,TRUE,0,FALSE,0,0,6,1,2,1,1,1
3,"V",532,TRUE,1,1,FALSE,0,FALSE,0,0,0,3,5,1,1,1
3,"C",533,TRUE,4,1,FALSE,1,TRUE,1,0,2,1,2,1,0,0
3,"V",534,FALSE,1,0,FALSE,1,TRUE,0,1,6,6,10,1,0,0
3,"V",535,TRUE,3,0,TRUE,1,FALSE,0,0,4,2,3,0,0,0
3,"V",536,TRUE,3,1,TRUE,0,FALSE,0,0,5,4,6,1,1,1
3,"C",537,TRUE,2,1,TRUE,1,FALSE,0,0,2,1,2,1,1,1
3,"C",538,TRUE,4,1,FALSE,1,FALSE,0,0,5,1,1,1,1,1
3,"C",539,TRUE,1,1,FALSE,1,FALSE,0,0,3,1,1,1,1,1
3,"C",540,TRUE,2,0,TRUE,1,FALSE,0,0,8,3,5,0,0,0
3,"C",541,TRUE,2,1,TRUE,1,FALSE,0,0,6,2,4,1,1,1
3,"C",542,TRUE,2,0,FALSE,0,TRUE,0,1,6,4,6,0,0,0
3,"C",543,TRUE,4,1,FALSE,1,FALSE,0,0,5,1,3,0,0,0
3,"C",544,FALSE,3,0,TRUE,1,FALSE,0,0,0,3,5,0,0,0
3,"C",545,TRUE,3,0,TRUE,1,FALSE,0,0,7,1,1,0,0,0
3,"C",546,TRUE,1,0,FALSE,0,TRUE,0,1,2,1,2,0,0,0
3,"C",547,TRUE,1,0,FALSE,1,FALSE,0,0,6,0,0,0,0,0
3,"C",548,TRUE,4,1,FALSE,0,TRUE,1,0,1,1,2,0,0,0
3,"C",549,TRUE,4,1,FALSE,1,FALSE,0,0,6,3,5,1,1,1
3,"C",550,TRUE,2,1,TRUE,1,FALSE,0,0,7,4,7,1,1,1
3,"C",551,TRUE,3,0,FALSE,0,FALSE,0,0,5,3,5,0,0,0
3,"C",552,TRUE,4,1,FALSE,1,TRUE,1,0,2,0,0,1,1,1
3,"C",553,FALSE,3,0,TRUE,1,FALSE,0,0,7,4,3,0,0,0
3,"C",554,TRUE,2,0,TRUE,1,FALSE,0,0,4,2,3,0,0,0
3,"C",555,FALSE,1,1,FALSE,0,FALSE,0,0,2,3,5,0,1,1
3,"C",556,TRUE,1,0,FALSE,1,TRUE,0,1,2,4,5,0,0,0
3,"C",557,TRUE,2,1,FALSE,1,FALSE,0,0,7,3,5,0,0,0
3,"C",558,TRUE,2,1,TRUE,1,FALSE,0,0,2,1,4,1,1,1
3,"C",559,TRUE,2,0,TRUE,1,FALSE,0,0,1,1,2,0,0,0
3,"C",560,FALSE,4,1,FALSE,0,FALSE,0,0,8,1,2,0,0,0
3,"C",561,TRUE,1,1,FALSE,0,FALSE,0,0,2,2,3,1,1,1
3,"C",562,TRUE,1,0,FALSE,0,TRUE,0,1,3,2,3,0,0,0
3,"C",563,TRUE,3,1,TRUE,1,FALSE,0,0,2,0,1,1,1,1
3,"C",564,TRUE,2,1,TRUE,0,FALSE,0,0,5,3,5,0,0,0
3,"C",565,TRUE,3,0,TRUE,0,FALSE,0,0,5,3,5,0,0,0
3,"C",566,FALSE,2,0,FALSE,0,TRUE,0,1,2,4,6,0,0,0
3,"C",567,TRUE,4,1,FALSE,1,FALSE,0,0,3,1,3,1,1,1
3,"C",568,TRUE,3,1,TRUE,1,FALSE,0,0,2,1,1,0,0,0
3,"C",569,TRUE,4,1,FALSE,0,TRUE,1,0,7,5,8,0,0,0
3,"C",570,TRUE,3,1,TRUE,1,TRUE,1,0,4,5,7,1,1,1
3,"C",571,TRUE,3,1,TRUE,1,TRUE,1,0,8,2,5,0,0,0
3,"C",572,TRUE,4,1,FALSE,1,TRUE,1,0,2,3,5,1,1,1
3,"C",573,TRUE,4,1,FALSE,0,FALSE,0,0,6,1,1,0,0,0
3,"C",574,TRUE,2,0,TRUE,0,TRUE,0,1,8,4,6,0,0,0
3,"C",575,TRUE,4,1,FALSE,1,TRUE,1,0,5,3,5,0,0,0
3,"C",576,FALSE,4,0,FALSE,0,FALSE,0,0,8,3,5,0,0,0
3,"C",577,TRUE,2,0,TRUE,0,TRUE,0,1,6,4,6,0,0,0
3,"C",578,FALSE,4,1,FALSE,1,FALSE,0,0,6,4,6,0,0,0
3,"C",579,TRUE,3,1,TRUE,0,TRUE,1,0,5,1,1,0,0,0
3,"C",580,TRUE,4,1,FALSE,1,FALSE,0,0,5,3,5,1,1,1
3,"V",581,TRUE,2,1,TRUE,1,FALSE,0,0,3,2,4,1,1,1
3,"V",582,TRUE,1,1,FALSE,1,FALSE,0,0,8,2,3,1,1,1
3,"V",583,TRUE,2,0,FALSE,1,TRUE,0,1,10,6,0,0,0,0
3,"V",584,FALSE,2,0,TRUE,0,TRUE,0,1,1,3,5,0,0,0
3,"V",585,TRUE,2,0,TRUE,1,FALSE,0,0,3,2,4,1,1,1
3,"V",586,TRUE,1,1,FALSE,1,FALSE,0,0,1,1,2,1,1,1
3,"V",587,TRUE,4,1,FALSE,1,FALSE,0,0,5,5,8,0,1,1
3,"V",588,TRUE,4,1,FALSE,1,FALSE,0,0,6,3,5,1,1,1
3,"V",589,FALSE,4,0,FALSE,0,FALSE,0,0,6,4,6,0,0,0
3,"V",590,FALSE,4,1,FALSE,1,TRUE,1,0,5,3,5,1,1,1
3,"V",591,TRUE,4,0,FALSE,1,FALSE,0,0,8,0,0,0,0,0
3,"V",592,TRUE,4,0,FALSE,0,FALSE,0,0,5,2,5,0,0,0
3,"V",593,TRUE,3,1,TRUE,1,TRUE,1,0,4,4,6,0,0,0
3,"V",594,TRUE,3,0,TRUE,0,FALSE,0,0,3,1,0,0,0,0
3,"V",595,TRUE,1,0,FALSE,1,TRUE,0,1,5,3,5,0,0,0
3,"V",596,TRUE,2,1,TRUE,1,FALSE,0,0,7,5,8,0,0,0
3,"V",597,TRUE,3,0,FALSE,0,FALSE,0,0,9,1,3,0,0,0
3,"V",598,TRUE,4,1,FALSE,1,FALSE,0,0,7,2,3,1,1,1
3,"V",599,TRUE,2,0,TRUE,1,FALSE,0,0,7,5,9,0,0,0
3,"V",600,TRUE,1,0,FALSE,1,FALSE,0,0,3,4,6,1,1,1
3,"V",601,TRUE,4,1,FALSE,1,FALSE,0,0,8,4,7,0,1,1
3,"V",602,TRUE,1,0,FALSE,0,TRUE,0,1,9,1,2,0,0,0
3,"V",603,FALSE,4,1,FALSE,0,TRUE,1,0,3,1,3,1,1,1
3,"C",604,TRUE,1,1,FALSE,1,FALSE,0,0,2,1,3,0,1,1
3,"V",605,FALSE,2,0,TRUE,0,FALSE,0,0,9,5,8,0,0,0
3,"V",606,FALSE,4,0,FALSE,0,FALSE,0,0,6,3,5,0,0,0
3,"C",607,TRUE,1,1,FALSE,1,FALSE,0,0,4,1,5,0,0,0
3,"C",608,TRUE,4,1,FALSE,1,TRUE,1,0,2,3,5,0,0,0
3,"C",609,TRUE,1,0,FALSE,1,FALSE,0,0,2,2,2,1,1,1
3,"C",610,TRUE,4,1,FALSE,1,FALSE,0,0,5,1,3,0,0,0
3,"C",611,TRUE,1,1,FALSE,0,FALSE,0,0,6,1,3,0,0,0
3,"C",612,TRUE,4,1,FALSE,1,FALSE,0,0,6,0,0,0,0,0
3,"V",613,TRUE,1,0,FALSE,1,TRUE,0,1,1,5,9,1,1,1
3,"V",614,TRUE,2,1,TRUE,1,FALSE,0,0,5,1,4,1,1,1
3,"V",615,TRUE,1,1,FALSE,1,FALSE,0,0,6,5,7,1,1,1
3,"V",616,FALSE,3,1,FALSE,1,TRUE,1,0,7,5,7,1,1,1
3,"V",617,TRUE,1,1,FALSE,1,FALSE,0,0,0,3,5,1,1,1
3,"C",618,FALSE,2,0,FALSE,0,TRUE,0,1,7,3,5,0,0,0
3,"C",619,TRUE,3,1,FALSE,1,FALSE,0,0,9,1,2,1,0,0
3,"V",620,TRUE,4,1,FALSE,1,TRUE,1,0,5,2,3,1,1,1
3,"V",621,TRUE,3,1,TRUE,1,TRUE,1,0,9,0,1,0,0,0
3,"V",622,TRUE,3,0,TRUE,0,FALSE,0,0,0,3,5,0,1,0
3,"V",623,TRUE,1,1,FALSE,0,FALSE,0,0,2,2,3,1,1,1
3,"V",624,TRUE,2,1,TRUE,0,FALSE,0,0,6,3,5,1,1,1
3,"V",625,TRUE,4,1,FALSE,1,TRUE,1,0,2,3,5,1,1,1
3,"V",626,TRUE,4,0,FALSE,1,FALSE,0,0,8,2,3,0,0,0
3,"V",627,FALSE,1,1,FALSE,1,FALSE,0,0,2,4,6,0,0,0
3,"V",628,TRUE,2,1,FALSE,1,FALSE,0,0,8,2,4,1,1,1
3,"V",629,TRUE,3,1,TRUE,1,TRUE,1,0,3,4,6,1,1,1
3,"V",630,TRUE,2,1,TRUE,1,FALSE,0,0,5,0,0,1,1,1
3,"V",631,FALSE,2,1,TRUE,1,FALSE,0,0,4,3,5,1,1,1
3,"V",632,TRUE,3,1,FALSE,0,TRUE,1,0,2,0,0,1,1,1
3,"V",633,TRUE,1,0,FALSE,1,FALSE,0,0,6,4,6,0,0,0
3,"V",634,TRUE,2,1,TRUE,1,FALSE,0,0,5,3,5,0,1,0
3,"V",635,TRUE,3,1,TRUE,1,TRUE,1,0,0,3,5,1,1,1
3,"V",636,TRUE,1,1,FALSE,1,FALSE,0,0,8,3,5,0,0,0
3,"V",637,TRUE,1,1,FALSE,1,FALSE,0,0,3,0,0,1,1,1
3,"V",638,TRUE,3,0,TRUE,0,FALSE,0,0,2,5,9,0,0,0
3,"V",639,FALSE,3,1,TRUE,0,FALSE,0,0,8,4,7,0,0,0
3,"V",640,FALSE,2,0,TRUE,0,TRUE,0,1,7,4,6,0,0,0
3,"V",641,TRUE,2,1,FALSE,1,FALSE,0,0,0,0,1,0,1,1
3,"V",642,TRUE,3,0,TRUE,1,FALSE,0,0,8,2,6,0,0,0
3,"V",643,TRUE,3,0,TRUE,1,FALSE,0,0,3,2,4,0,0,0
3,"V",644,TRUE,4,1,FALSE,1,FALSE,0,0,8,4,6,0,0,0
3,"V",645,FALSE,1,0,FALSE,1,TRUE,0,1,7,3,4,0,0,0
3,"V",646,TRUE,2,0,TRUE,0,TRUE,0,1,8,1,2,0,0,0
3,"V",647,TRUE,1,0,FALSE,0,FALSE,0,0,3,4,6,0,0,0
3,"V",648,FALSE,1,0,FALSE,0,TRUE,0,1,4,2,4,0,0,0
3,"V",649,FALSE,3,0,TRUE,1,FALSE,0,0,2,3,5,0,0,0
3,"V",650,TRUE,3,0,FALSE,0,FALSE,0,0,2,4,5,0,0,0
3,"V",651,TRUE,1,0,FALSE,1,FALSE,0,0,5,4,6,0,0,0
3,"V",652,TRUE,1,0,FALSE,1,FALSE,0,0,7,1,1,0,0,0
3,"V",653,FALSE,4,1,FALSE,1,TRUE,1,0,5,3,5,1,1,1
3,"V",654,TRUE,2,1,TRUE,1,FALSE,0,0,3,4,6,0,0,0
3,"V",655,TRUE,1,0,FALSE,0,TRUE,0,1,7,1,2,1,0,0
3,"V",656,TRUE,4,0,FALSE,1,FALSE,0,0,5,3,5,0,0,0
3,"V",657,FALSE,4,1,FALSE,1,FALSE,0,0,3,1,2,1,1,1
3,"V",658,TRUE,4,0,FALSE,1,FALSE,0,0,5,4,6,0,0,0
3,"V",659,TRUE,1,1,FALSE,0,FALSE,0,0,5,2,3,1,1,1
3,"V",660,TRUE,1,1,FALSE,0,FALSE,0,0,6,1,5,1,0,0
3,"V",661,TRUE,1,1,FALSE,0,FALSE,0,0,6,1,2,0,0,0
3,"V",662,TRUE,3,1,FALSE,1,FALSE,0,0,1,1,2,1,1,1
3,"V",663,TRUE,1,1,FALSE,1,FALSE,0,0,6,1,4,1,1,1
3,"V",664,FALSE,2,1,TRUE,1,FALSE,0,0,7,3,5,1,1,1
3,"V",665,FALSE,4,0,FALSE,0,FALSE,0,0,4,2,3,0,0,0
3,"V",666,TRUE,2,1,TRUE,1,FALSE,0,0,7,3,5,1,1,1
3,"C",667,TRUE,1,0,FALSE,0,TRUE,0,1,6,1,1,0,0,0
3,"V",668,TRUE,1,0,FALSE,1,FALSE,0,0,8,1,4,0,0,0
3,"C",669,TRUE,2,0,TRUE,1,FALSE,0,0,5,3,5,0,0,0
3,"V",670,TRUE,4,1,FALSE,1,FALSE,0,0,5,1,2,1,1,1
3,"V",671,TRUE,4,1,FALSE,1,FALSE,0,0,7,3,4,0,0,0
3,"V",672,TRUE,1,0,FALSE,0,TRUE,0,1,4,3,5,0,0,0
3,"V",673,TRUE,1,0,FALSE,1,FALSE,0,0,4,1,2,0,0,0
3,"V",674,FALSE,2,0,TRUE,1,FALSE,0,0,7,3,5,0,0,0
3,"V",675,FALSE,1,0,FALSE,1,TRUE,0,1,8,3,5,0,0,0
3,"V",676,TRUE,3,1,TRUE,1,FALSE,0,0,4,2,3,1,1,1
3,"V",677,TRUE,3,1,TRUE,1,FALSE,0,0,2,2,3,1,1,1
3,"V",678,TRUE,3,0,TRUE,0,FALSE,0,0,6,0,1,0,0,0
3,"V",679,TRUE,3,0,TRUE,1,FALSE,0,0,2,0,2,0,0,0
3,"V",680,TRUE,1,1,FALSE,0,FALSE,0,0,8,4,6,1,1,1
3,"V",681,TRUE,4,1,FALSE,1,TRUE,1,0,7,1,2,1,1,1
3,"V",682,FALSE,3,1,TRUE,0,TRUE,1,0,5,3,3,0,0,0
3,"V",683,TRUE,3,1,FALSE,1,TRUE,1,0,6,4,6,1,1,1
3,"V",684,TRUE,3,1,TRUE,1,FALSE,0,0,3,4,3,1,1,1
3,"V",685,TRUE,1,1,FALSE,1,FALSE,0,0,8,2,5,1,1,1
3,"V",686,TRUE,4,1,FALSE,1,TRUE,1,0,7,3,5,1,1,1
3,"C",687,TRUE,2,0,TRUE,0,FALSE,0,0,6,1,0,0,0,0
3,"V",688,FALSE,1,1,FALSE,1,FALSE,0,0,5,1,1,1,0,0
3,"V",689,FALSE,2,0,TRUE,0,TRUE,0,1,7,4,6,0,0,0
3,"V",690,FALSE,4,0,FALSE,1,FALSE,0,0,8,4,6,0,0,0
3,"C",691,TRUE,2,0,FALSE,0,TRUE,0,1,3,0,0,0,0,0
3,"V",692,TRUE,2,0,TRUE,1,FALSE,0,0,7,4,6,0,0,0
3,"C",693,TRUE,4,1,FALSE,0,TRUE,1,0,3,0,1,0,0,0
3,"V",694,TRUE,3,1,FALSE,1,FALSE,0,0,7,2,4,1,1,1
3,"V",695,TRUE,2,0,FALSE,0,TRUE,0,1,4,4,5,0,0,0
3,"V",696,TRUE,4,1,FALSE,1,TRUE,1,0,2,0,0,1,1,1
3,"C",697,TRUE,1,1,FALSE,1,FALSE,0,0,3,5,7,1,1,1
3,"V",698,TRUE,4,1,FALSE,1,FALSE,0,0,2,1,3,1,1,1
3,"V",699,TRUE,1,0,FALSE,1,TRUE,0,1,3,2,2,0,0,0
3,"V",700,TRUE,2,0,TRUE,1,FALSE,0,0,4,1,1,0,0,0
3,"V",701,TRUE,3,1,TRUE,1,FALSE,0,0,7,0,0,1,1,1
3,"V",702,TRUE,1,1,FALSE,1,FALSE,0,0,5,4,6,0,0,0
3,"V",703,TRUE,1,1,FALSE,1,FALSE,0,0,4,2,4,1,0,0
3,"V",704,TRUE,3,1,FALSE,1,FALSE,0,0,9,1,2,1,1,1
3,"V",705,FALSE,3,0,TRUE,1,FALSE,0,0,3,4,6,0,0,0
3,"V",706,TRUE,2,0,TRUE,1,TRUE,0,1,8,3,5,1,1,1
3,"V",707,TRUE,2,0,TRUE,1,FALSE,0,0,5,2,3,1,1,1
3,"V",708,TRUE,2,1,TRUE,1,FALSE,0,0,7,4,6,1,1,1
3,"V",709,FALSE,3,1,TRUE,1,TRUE,1,0,2,3,5,0,0,0
3,"V",710,FALSE,3,0,TRUE,1,FALSE,0,0,4,2,2,0,0,0
3,"V",711,TRUE,4,1,FALSE,0,TRUE,1,0,3,2,4,0,0,0
3,"C",712,TRUE,2,0,TRUE,0,TRUE,0,1,8,3,5,0,0,0
3,"C",713,TRUE,3,1,FALSE,0,TRUE,1,0,4,2,4,0,0,0
3,"V",714,TRUE,2,1,FALSE,1,FALSE,0,0,4,1,3,1,1,1
3,"C",715,TRUE,1,0,FALSE,1,FALSE,0,0,3,2,4,0,0,0
3,"V",716,TRUE,4,0,FALSE,1,FALSE,0,0,7,2,4,0,0,0
3,"V",717,FALSE,1,0,FALSE,1,FALSE,0,0,8,2,4,0,0,0
3,"V",718,TRUE,4,1,FALSE,1,FALSE,0,0,8,1,2,1,1,1
3,"V",719,TRUE,3,1,TRUE,0,TRUE,1,0,7,2,7,0,0,0
3,"V",720,TRUE,3,0,TRUE,0,FALSE,0,0,0,3,5,0,0,0
3,"V",721,TRUE,2,0,TRUE,1,FALSE,0,0,3,4,5,0,0,0
3,"C",722,TRUE,4,1,FALSE,1,TRUE,1,0,7,1,3,0,0,0
3,"C",723,TRUE,3,0,TRUE,1,FALSE,0,0,6,2,4,1,0,0
3,"C",724,FALSE,1,1,FALSE,1,FALSE,0,0,7,2,3,1,1,1
3,"V",725,TRUE,3,1,FALSE,1,TRUE,1,0,2,2,3,0,0,0
3,"C",726,TRUE,4,1,FALSE,1,FALSE,0,0,6,2,3,1,1,1
3,"C",727,TRUE,4,1,FALSE,1,FALSE,0,0,8,2,2,1,1,1
3,"C",728,TRUE,1,0,FALSE,1,TRUE,0,1,6,2,5,0,0,0
3,"V",729,TRUE,3,0,TRUE,0,FALSE,0,0,7,2,2,1,1,1
3,"C",730,TRUE,3,0,TRUE,0,FALSE,0,0,5,3,4,0,0,0
3,"V",731,FALSE,4,0,FALSE,1,FALSE,0,0,8,5,8,0,0,0
3,"V",732,FALSE,2,0,TRUE,1,FALSE,0,0,9,4,5,0,0,0
3,"V",733,TRUE,2,1,TRUE,1,FALSE,0,0,3,5,7,1,1,1
3,"C",734,TRUE,1,1,FALSE,1,FALSE,0,0,4,2,4,1,1,1
3,"C",735,TRUE,3,1,FALSE,1,FALSE,0,0,6,2,4,1,1,1
3,"V",736,TRUE,4,0,FALSE,1,FALSE,0,0,5,2,5,0,0,0
3,"V",737,TRUE,2,1,TRUE,0,FALSE,0,0,3,0,1,1,1,1
3,"C",738,TRUE,1,1,FALSE,1,FALSE,0,0,4,2,4,1,0,1
3,"C",739,TRUE,2,0,TRUE,0,TRUE,0,1,3,1,3,0,0,0
3,"C",740,TRUE,1,0,FALSE,0,TRUE,0,1,3,1,2,0,0,0
3,"C",741,FALSE,1,0,FALSE,0,TRUE,0,1,5,4,7,0,0,0
3,"V",742,TRUE,3,0,TRUE,0,FALSE,0,0,7,4,6,0,0,0
3,"C",743,FALSE,4,1,FALSE,0,FALSE,0,0,7,2,2,0,0,0
3,"C",744,TRUE,4,1,FALSE,1,FALSE,0,0,7,1,1,0,0,0
3,"C",745,TRUE,3,0,TRUE,1,FALSE,0,0,1,4,6,0,0,0
3,"C",746,TRUE,1,0,FALSE,1,TRUE,0,1,8,1,2,0,0,0
3,"C",747,FALSE,2,1,TRUE,1,FALSE,0,0,5,3,5,0,0,0
3,"C",748,TRUE,2,0,TRUE,1,TRUE,0,1,7,3,5,0,0,0
3,"C",749,TRUE,4,1,FALSE,1,TRUE,1,0,7,2,4,1,0,0
3,"C",750,TRUE,4,1,FALSE,0,TRUE,1,0,6,3,5,0,0,0
3,"C",751,TRUE,4,1,FALSE,0,TRUE,1,0,6,1,0,1,0,0
3,"C",752,TRUE,4,1,FALSE,1,TRUE,1,0,7,0,0,1,0,0
3,"C",753,TRUE,1,0,FALSE,0,TRUE,0,1,7,3,5,0,0,0
3,"C",754,FALSE,4,0,FALSE,1,FALSE,0,0,6,2,3,1,1,1
3,"C",755,TRUE,3,1,TRUE,1,FALSE,0,0,7,2,3,0,0,0
3,"C",756,TRUE,3,0,TRUE,0,FALSE,0,0,7,4,6,0,0,0
3,"C",757,FALSE,1,0,FALSE,1,FALSE,0,0,3,2,2,0,0,0
3,"V",758,FALSE,4,1,FALSE,0,TRUE,1,0,6,1,3,0,0,0
3,"C",759,FALSE,3,0,TRUE,1,FALSE,0,0,5,3,5,0,0,0
3,"C",760,TRUE,3,1,TRUE,0,TRUE,1,0,5,2,2,0,0,0
3,"C",761,TRUE,4,1,FALSE,1,FALSE,0,0,6,2,4,1,1,1
3,"V",762,TRUE,3,0,TRUE,1,FALSE,0,0,3,3,5,1,1,1
3,"V",763,FALSE,4,1,FALSE,1,TRUE,1,0,7,2,3,1,1,1
3,"V",764,TRUE,3,0,TRUE,1,FALSE,0,0,6,2,5,0,0,0
3,"C",765,FALSE,1,0,FALSE,1,FALSE,0,0,6,1,2,0,0,0
3,"V",766,TRUE,2,1,TRUE,0,FALSE,0,0,5,4,7,0,0,0
3,"V",767,TRUE,3,0,TRUE,0,FALSE,0,0,1,4,7,0,0,0
3,"V",768,TRUE,1,0,FALSE,1,FALSE,0,0,9,2,5,0,0,0
3,"V",769,TRUE,2,0,TRUE,0,FALSE,0,0,5,0,0,0,0,0
3,"V",770,TRUE,1,1,FALSE,1,FALSE,0,0,2,3,5,1,1,1
3,"V",771,FALSE,3,1,TRUE,1,FALSE,0,0,6,1,2,0,0,0
3,"V",772,TRUE,2,1,TRUE,1,FALSE,0,0,2,2,3,1,1,1
3,"V",773,TRUE,1,1,FALSE,0,FALSE,0,0,2,4,6,1,0,0
3,"V",774,TRUE,2,0,TRUE,1,FALSE,0,0,4,3,3,0,0,0
3,"V",775,TRUE,1,1,FALSE,1,FALSE,0,0,4,1,3,1,1,1
3,"V",776,TRUE,2,1,TRUE,1,FALSE,0,0,8,1,2,1,1,1
3,"V",777,TRUE,3,1,FALSE,1,TRUE,1,0,5,2,3,1,1,1
3,"V",778,FALSE,2,1,TRUE,1,FALSE,0,0,3,1,2,1,1,1
3,"V",779,TRUE,4,0,FALSE,1,FALSE,0,0,6,0,0,0,0,0
3,"V",780,FALSE,3,1,TRUE,0,TRUE,1,0,1,0,0,1,0,0
3,"V",781,TRUE,1,0,FALSE,1,TRUE,0,1,6,1,5,0,0,0
3,"V",782,TRUE,1,0,FALSE,1,FALSE,0,0,7,4,6,0,0,0
3,"V",783,FALSE,2,1,TRUE,1,FALSE,0,0,2,0,1,1,1,1
3,"V",784,TRUE,3,1,TRUE,1,FALSE,0,0,7,1,2,1,1,1
3,"V",785,TRUE,1,1,FALSE,1,FALSE,0,0,3,2,4,1,1,1
3,"V",786,TRUE,3,0,TRUE,0,FALSE,0,0,4,4,7,0,0,0
3,"V",787,TRUE,4,0,FALSE,0,FALSE,0,0,7,4,7,0,0,0
3,"V",788,TRUE,1,0,FALSE,1,TRUE,0,1,7,2,5,0,0,0
3,"V",789,TRUE,4,0,FALSE,1,FALSE,0,0,5,3,5,0,0,0
3,"V",790,TRUE,3,1,TRUE,0,TRUE,1,0,6,1,5,0,0,0
3,"V",791,TRUE,3,1,TRUE,1,FALSE,0,0,5,1,0,1,1,1
3,"V",792,TRUE,4,0,FALSE,0,FALSE,0,0,7,2,6,0,0,0
3,"V",793,TRUE,4,1,FALSE,1,FALSE,0,0,3,1,2,1,1,1
3,"V",794,FALSE,1,0,FALSE,0,FALSE,0,0,7,6,9,0,0,0
3,"V",795,TRUE,4,1,FALSE,1,FALSE,0,0,4,0,0,1,1,1
3,"C",796,TRUE,4,1,FALSE,1,FALSE,0,0,5,2,2,1,1,1
3,"C",797,TRUE,1,1,FALSE,1,FALSE,0,0,7,4,6,1,1,1
3,"C",798,TRUE,4,1,FALSE,1,FALSE,0,0,6,2,4,1,0,0
3,"V",799,TRUE,4,1,FALSE,0,TRUE,1,0,3,2,4,1,1,1
3,"V",800,FALSE,2,0,TRUE,1,FALSE,0,0,3,0,0,0,0,0
3,"V",801,TRUE,1,0,FALSE,1,TRUE,0,1,8,3,5,0,0,0
3,"V",802,TRUE,1,1,FALSE,1,FALSE,0,0,4,3,5,1,1,1
3,"V",803,FALSE,3,0,TRUE,1,FALSE,0,0,1,3,5,1,1,1
3,"C",804,TRUE,4,1,FALSE,1,TRUE,1,0,3,1,3,0,0,0
3,"V",805,TRUE,1,0,FALSE,1,TRUE,0,1,10,4,6,1,1,1
3,"V",806,TRUE,3,1,FALSE,1,FALSE,0,0,7,2,3,1,1,1
3,"V",807,TRUE,3,1,TRUE,1,FALSE,0,0,5,3,5,1,1,1
3,"V",808,TRUE,2,0,FALSE,1,FALSE,0,0,3,1,2,0,0,0
3,"C",809,TRUE,1,0,FALSE,1,FALSE,0,0,5,3,5,1,1,1
3,"C",810,TRUE,2,0,TRUE,0,TRUE,0,1,6,1,1,0,0,0
3,"C",811,FALSE,3,0,TRUE,1,FALSE,0,0,5,1,2,0,0,0
3,"C",812,TRUE,2,0,TRUE,0,FALSE,0,0,5,3,5,0,0,0
3,"C",813,TRUE,3,0,FALSE,0,FALSE,0,0,6,1,2,0,0,0
3,"C",814,TRUE,1,1,FALSE,1,FALSE,0,0,2,3,5,1,1,1
3,"C",815,TRUE,4,1,FALSE,0,TRUE,1,0,5,4,5,0,0,0
3,"C",816,FALSE,4,1,FALSE,0,FALSE,0,0,9,4,8,0,0,0
3,"C",817,TRUE,4,1,FALSE,0,FALSE,0,0,6,2,3,0,0,0
3,"V",818,TRUE,3,0,TRUE,0,FALSE,0,0,5,4,6,0,0,0
3,"C",819,FALSE,1,0,FALSE,0,TRUE,0,1,6,2,3,0,0,0
3,"V",820,TRUE,1,1,FALSE,0,FALSE,0,0,4,2,4,1,1,1
3,"C",821,TRUE,2,1,TRUE,0,FALSE,0,0,8,3,5,1,0,1
3,"C",822,TRUE,2,0,TRUE,1,FALSE,0,0,7,2,5,0,0,0
3,"C",823,TRUE,3,1,TRUE,1,TRUE,1,0,6,4,6,1,1,1
3,"C",824,TRUE,3,0,TRUE,1,FALSE,0,0,2,3,5,0,0,0
3,"C",825,TRUE,1,0,FALSE,1,TRUE,0,1,1,2,4,0,0,0
3,"C",826,FALSE,1,0,FALSE,1,FALSE,0,0,8,2,2,0,0,0
3,"C",827,FALSE,4,0,FALSE,1,FALSE,0,0,6,3,5,0,0,0
3,"C",828,TRUE,2,0,TRUE,1,FALSE,0,0,8,3,5,0,0,0
3,"C",829,FALSE,2,1,FALSE,1,FALSE,0,0,3,1,2,1,1,1
3,"C",830,FALSE,4,1,FALSE,0,TRUE,1,0,7,4,7,1,0,1
3,"C",831,TRUE,3,1,TRUE,0,FALSE,0,0,7,1,2,1,0,1
3,"C",832,TRUE,3,1,FALSE,1,TRUE,1,0,7,1,2,1,1,1
3,"C",833,TRUE,3,0,TRUE,1,FALSE,0,0,6,1,1,0,0,0
3,"C",834,TRUE,2,1,TRUE,0,FALSE,0,0,0,2,3,1,1,1
3,"C",835,TRUE,3,1,FALSE,1,FALSE,0,0,7,2,5,0,0,0
3,"C",836,TRUE,1,0,FALSE,0,TRUE,0,1,5,4,6,0,0,0
3,"C",837,TRUE,1,1,FALSE,0,FALSE,0,0,8,2,4,1,1,1
3,"C",838,TRUE,1,0,FALSE,1,FALSE,0,0,7,3,5,0,0,0
3,"C",839,TRUE,2,0,TRUE,1,FALSE,0,0,7,1,2,0,0,0
3,"C",840,TRUE,4,0,FALSE,1,FALSE,0,0,7,1,3,0,0,0
3,"C",841,TRUE,1,0,FALSE,0,TRUE,0,1,8,2,5,0,0,0
3,"C",842,TRUE,2,1,TRUE,1,FALSE,0,0,6,3,5,0,0,0
3,"C",843,TRUE,2,1,TRUE,1,FALSE,0,0,8,5,7,1,1,1
3,"C",844,TRUE,3,1,FALSE,1,FALSE,0,0,6,2,4,1,0,1
3,"C",845,TRUE,2,1,TRUE,1,FALSE,0,0,3,3,5,0,0,0
3,"C",846,TRUE,1,1,FALSE,1,FALSE,0,0,6,2,3,1,0,1
3,"C",847,TRUE,4,1,FALSE,1,FALSE,0,0,3,2,3,1,0,0
3,"C",848,TRUE,2,1,TRUE,0,FALSE,0,0,2,3,5,1,1,1
3,"C",849,TRUE,3,1,TRUE,1,TRUE,1,0,4,0,0,1,1,1
3,"C",850,TRUE,3,0,TRUE,1,FALSE,0,0,1,3,5,1,1,1
3,"C",851,TRUE,4,1,FALSE,1,TRUE,1,0,0,3,5,1,1,1
3,"C",852,FALSE,2,1,TRUE,1,FALSE,0,0,3,1,2,1,1,1
3,"C",853,FALSE,4,1,FALSE,0,TRUE,1,0,1,6,10,0,0,0
3,"C",854,TRUE,2,1,FALSE,1,FALSE,0,0,6,2,4,1,1,1
3,"C",855,FALSE,1,1,FALSE,1,FALSE,0,0,3,2,4,0,0,0
3,"C",856,TRUE,1,1,FALSE,1,FALSE,0,0,0,0,1,1,1,1
3,"C",857,TRUE,3,0,TRUE,0,FALSE,0,0,8,3,5,1,1,1
3,"C",858,FALSE,3,1,TRUE,1,FALSE,0,0,6,4,7,0,0,0
3,"C",859,TRUE,1,0,FALSE,1,FALSE,0,0,6,3,5,0,0,0
3,"C",860,TRUE,4,1,FALSE,1,TRUE,1,0,4,1,3,1,1,1
3,"C",861,TRUE,1,1,FALSE,1,FALSE,0,0,5,3,5,1,1,1
3,"C",862,TRUE,4,1,FALSE,0,FALSE,0,0,4,2,4,0,0,0
3,"C",863,FALSE,1,1,FALSE,1,FALSE,0,0,4,3,5,1,1,1
3,"C",864,TRUE,3,1,FALSE,1,TRUE,1,0,7,0,1,1,1,1
3,"C",865,TRUE,2,0,TRUE,0,TRUE,0,1,3,4,6,0,0,0
3,"C",866,TRUE,1,0,FALSE,1,FALSE,0,0,3,2,3,0,0,0
3,"C",867,TRUE,4,1,FALSE,1,FALSE,0,0,2,3,5,1,0,1
3,"C",868,TRUE,1,0,FALSE,1,FALSE,0,0,7,2,6,0,0,0
3,"C",869,TRUE,4,1,FALSE,0,TRUE,1,0,1,2,5,1,0,0
3,"C",870,FALSE,1,0,FALSE,0,TRUE,0,1,5,2,4,0,0,0
3,"C",871,FALSE,3,1,TRUE,1,FALSE,0,0,6,3,5,1,1,1
3,"C",872,FALSE,1,1,FALSE,0,FALSE,0,0,8,3,5,0,0,0
3,"C",873,TRUE,4,1,FALSE,1,TRUE,1,0,8,0,0,0,0,0
3,"C",874,TRUE,4,1,FALSE,1,FALSE,0,0,0,1,1,0,0,0
3,"C",875,FALSE,1,0,FALSE,1,FALSE,0,0,4,4,6,0,0,0
3,"C",876,TRUE,4,0,FALSE,0,FALSE,0,0,6,4,6,1,0,0
3,"C",877,TRUE,4,1,FALSE,0,TRUE,1,0,9,2,3,1,0,1
3,"C",878,TRUE,2,0,TRUE,0,TRUE,0,1,6,1,3,0,0,0
3,"C",879,TRUE,2,1,TRUE,1,FALSE,0,0,7,1,1,1,1,1
3,"C",880,FALSE,4,1,FALSE,0,FALSE,0,0,7,2,5,1,0,0
3,"C",881,TRUE,2,1,TRUE,1,FALSE,0,0,1,3,5,1,1,1
3,"C",882,TRUE,1,0,FALSE,1,FALSE,0,0,8,3,5,0,0,0
3,"C",883,TRUE,4,1,FALSE,0,TRUE,1,0,7,1,2,0,0,0
3,"C",884,FALSE,3,0,TRUE,0,FALSE,0,0,4,2,3,0,0,0
3,"C",885,FALSE,2,0,TRUE,0,TRUE,0,1,8,4,7,0,0,0
3,"C",886,FALSE,1,1,FALSE,1,FALSE,0,0,6,2,4,1,1,1
3,"C",887,TRUE,3,0,TRUE,0,FALSE,0,0,7,3,5,0,0,0
3,"C",888,TRUE,4,1,FALSE,1,FALSE,0,0,9,2,4,1,1,1
3,"C",889,TRUE,2,0,TRUE,0,TRUE,0,1,6,2,4,0,0,0
3,"C",890,TRUE,2,1,TRUE,1,FALSE,0,0,4,4,6,1,1,1
3,"C",891,TRUE,4,1,FALSE,1,TRUE,1,0,2,0,1,1,1,1
